{
  "manifest.json": 1720463526520,
  "test/integration/opaTests.qunit.js": 1720455837157,
  "test/integration/pages/RisksList.js": 1720455837165,
  "test/integration/pages/RisksObjectPage.js": 1720455837165,
  "test/integration/FirstJourney.js": 1720455837173,
  "test/testsuite.qunit.js": 1720455837145,
  "xs-app.json": 1720557886380,
  "i18n/i18n.properties": 1720555971693,
  "Component.js": 1720455837113,
  "test/integration/FirstJourney-dbg.js": 1720455837173,
  "test/integration/FirstJourney.js.map": 1720557907837,
  "test/integration/pages/RisksList-dbg.js": 1720455837165,
  "test/integration/pages/RisksList.js.map": 1720557907831,
  "test/integration/pages/RisksObjectPage-dbg.js": 1720455837165,
  "test/integration/pages/RisksObjectPage.js.map": 1720557907833,
  "test/integration/opaTests.qunit-dbg.js": 1720455837157,
  "test/integration/opaTests.qunit.js.map": 1720557907832,
  "test/testsuite.qunit-dbg.js": 1720455837145,
  "test/testsuite.qunit.js.map": 1720557907835,
  "Component-dbg.js": 1720455837113,
  "Component.js.map": 1720557907835,
  "Component-preload.js": 1720557907918,
  "Component-preload.js.map": 1720557907918,
  "test/integration/opaTests.qunit.html": 1720455837157,
  "test/testsuite.qunit.html": 1720455837141,
  "test/flpSandbox.html": 1720455837141,
  "index.html": 1720455837113
}