{
  "test/integration/opaTests.qunit.js.map": 1720539681133,
  "test/integration/FirstJourney.js": 1720455837173,
  "test/integration/pages/RisksList.js": 1720455837165,
  "test/integration/opaTests.qunit.js": 1720455837157,
  "test/integration/pages/RisksObjectPage.js": 1720455837165,
  "test/testsuite.qunit.js": 1720455837145,
  "xs-app.json": 1720539664528,
  "manifest.json": 1720463526520,
  "Component.js": 1720455837113,
  "Component-dbg.js": 1720455837113,
  "Component.js.map": 1720539681125,
  "test/integration/pages/RisksList-dbg.js": 1720455837165,
  "test/integration/pages/RisksList.js.map": 1720539681134,
  "test/integration/opaTests.qunit-dbg.js": 1720455837157,
  "i18n/i18n.properties": 1720455871060,
  "test/integration/pages/RisksObjectPage-dbg.js": 1720455837165,
  "test/integration/pages/RisksObjectPage.js.map": 1720539681141,
  "test/testsuite.qunit-dbg.js": 1720455837145,
  "test/testsuite.qunit.js.map": 1720539681130,
  "test/integration/FirstJourney-dbg.js": 1720455837173,
  "test/integration/FirstJourney.js.map": 1720539681133,
  "Component-preload.js": 1720539681209,
  "Component-preload.js.map": 1720539681209,
  "test/integration/opaTests.qunit.html": 1720455837157,
  "test/testsuite.qunit.html": 1720455837141,
  "test/flpSandbox.html": 1720455837141,
  "index.html": 1720455837113
}